Latitude,Longitude
25.8751115,-80.1711961
35.5922211,-85.7201092
,
48.2931316,-105.7670815
27.9711269,-81.7380886
35.680071,-85.8372569
43.1085931,-77.4590099
,
,
30.7182022,-84.9745482
42.4915317,-89.04892819999999
,
25.7712953,-80.18977319999999
,
32.2718859,-82.2603536
,
28.5422694,-81.37732210000001
31.9743215,-101.9767073
,
42.4915345,-83.07131629999999
30.5194222,-92.0794615
39.9698638,-105.1511433
,
26.1410092,-81.8051078
,
30.1965575,-92.2260795
28.5665674,-81.5787448
37.4963814,-122.2600494
,
,
,
,
41.8167277,-113.3183701
40.56670039999999,-107.5066934
41.9467758,-87.6736133
34.3691799,-80.07640540000001
32.553914,-83.8125519
,
,
39.950292,-77.753576
52.7766782,-108.3071956
48.71285760000001,-104.8991239
28.0366571,-81.9574451
,
41.9367635,-85.65177690000002
29.4688983,-98.01896479999999
35.0968639,-90.485489
,
40.6891093,-111.4236635
,
,
36.1890973,-86.3231126
,
,
,
29.18449009999999,-82.3114054
27.9864395,-82.1154648
31.1586929,-85.49568939999999
26.6100059,-81.07910299999999
41.6980909,-87.798375
45.95009470000001,-103.1188967
,
41.6787245,-83.54738429999999
41.6830177,-87.5319511
49.3288877,-123.0587405
26.6971015,-80.6743207
42.6873947,-73.7802985
33.4962321,-112.3890124
,
38.937407,-77.025328
,
30.22702199999999,-92.2711429
,
30.4943192,-92.0892471
30.2037149,-97.9787065
39.5388115,-100.6815329
,
-26.1921247,28.0486017
,
41.78611129999999,-72.6551569
43.5675066,-119.0261524
33.083255,-81.121173
34.4274854,-118.4838055
36.659995,-121.612252
40.5887361,-105.0773997
,
27.9148072,-82.7917354
,
28.6686875,-81.73613859999999
31.586722,-83.05746599999999
44.7367009,-87.502843
42.028664,-87.6800909
42.4756042,-70.9356206
,
30.2543014,-94.09487089999999
50.7125591,-113.9728531
,
,
33.9228648,-118.1799505
38.7659042,-90.74421199999999
27.2645436,-81.4020632
27.1569827,-81.817737
27.9711269,-81.7380886
40.7256737,-73.2413553
47.2975349,-2.3580765
32.1132246,-82.22703539999999
34.9369386,-120.4766971
30.6064457,-90.41521180000001
,
42.12069169999999,-70.75232079999999
,
27.7705854,-98.0821766
27.2233331,-81.7744939
35.8397197,-85.7966813
,
35.8303039,-86.47751509999999
40.13017970000001,-111.5597241
47.5495993,-122.1452742
39.7434502,-89.102871
29.7419272,-81.47461229999999
30.5689239,-92.4770889
30.569283,-92.474374
,
,
39.2055762,-100.4639762
40.76715240000001,-111.8975193
37.9762001,-84.4644418
38.2690563,-77.5303547
,
35.3456486,-80.5753086
,
,
,
32.7308911,-115.529718
,
,
,
39.3427433,-100.322481
33.7930536,-117.3849044
42.8311796,-84.22204339999999
34.0417114,-118.244382
,
34.782534,-77.2046337
27.7507213,-81.8093272
,
38.135779,-98.2710343
,
30.721455,-86.048191
33.21891859999999,-117.2576983
,
38.2056858,-120.3725067
,
33.4637974,-112.4669571
38.547604,-121.8384109
,
36.659375,-121.6128806
32.239083,-82.14209489999999
,
31.0743362,-83.39001379999999
40.39437969999999,-74.4311932
47.816292,-108.675841
36.1039753,-79.9840055
,
30.660289,-92.1957992
30.1548494,-93.094903
26.587779,-81.4597703
41.2570368,-82.311595
25.8005035,-80.2476633
42.7269427,-89.09067069999999
27.970792,-82.4796088
,
,
41.5578478,-75.5940099
,
,
27.2298774,-81.9228103
33.3038054,-90.1956902
36.6243556,-121.5507135
,
,
,
30.5567092,-83.0887923
42.4987968,-74.6166192
-16.9449735,145.7418606
40.0230745,-75.13761579999999
30.3621825,-92.3394166
30.2962071,-92.3986721
,
,
31.5458903,-87.9262273
28.1938289,-82.52037039999999
,
,
42.2745105,-83.73427140000001
31.7965155,-82.3504172
33.6823019,-91.8479795
,
,
,
46.2305906,-119.0974711
36.6590514,-78.55417659999999
,
,
30.1905604,-82.5810834
31.3259637,-83.5861214
27.2484694,-81.3965465
36.6243556,-121.5507135
39.6075208,-86.06366229999999
26.7487232,-81.4319216
38.1431112,-85.6437088
30.5672446,-92.4152762
27.2105015,-81.8547189
35.0378356,-120.4834287
35.6964363,-82.557666
40.7277257,-85.2275463
41.2570368,-82.311595
27.2426347,-81.8400667
,
26.3332375,-81.73173589999999
37.440438,-77.3094674
53.5047827,-113.4098696
,
41.4963405,-81.6719914
,
43.9507968,-116.9181347
41.2478218,-75.863463
35.8623372,-101.9729933
26.7420052,-81.4097527
26.1906486,-98.2685381
,
35.6611272,-85.8465934
35.9328326,-78.7728496
39.1819501,-97.6643225
,
28.7858001,-100.4723835
33.8788496,-80.3341444
36.1049661,-87.1879719
,
36.734992,-121.676205
39.1819828,-78.1678439
-25.787996,28.1070867
29.1218045,-81.04002799999999
39.9475416,-75.1496575
35.5981949,-85.91635910000001
,
,
42.6672362,-78.8396867
30.641033,-92.43583199999999
42.9862454,-87.9163509
,
,
27.2089146,-81.85815540000002
29.7695648,-96.1613787
43.7060934,-112.0061153
41.77119320000001,-111.7995464
40.7300998,-119.5230048
29.76830529999999,-95.3543526
28.4490118,-81.2814741
33.7790508,-117.7792763
42.9059926,-122.4467915
29.7549297,-95.39307149999999
39.221246,-75.7188043
,
,
34.2607459,-77.83897929999999
,
30.4676999,-92.6543714
30.56854479999999,-92.4193268
27.4821384,-81.47849939999999
33.7102926,-89.4683132
26.2790461,-98.17926159999999
35.822279,-85.81309519999999
,
42.8785428,-78.83943169999999
,
,
43.15545609999999,-77.6062579
45.390285,-75.683537
36.0758936,-79.9088178
27.9812282,-82.2158596
40.73845350000001,-73.9912046
27.2868659,-81.36410959999999
25.778502,-80.1935194
36.7790786,-121.6651349
32.0169705,-82.36656219999999
,
27.1218918,-81.8266732
,
33.7646967,-89.7031424
37.5201674,-96.3260286
,
31.780275,119.9575831
28.7463453,-81.6221727
32.7303671,-115.524995
,
45.1780583,-123.1240436
35.0572072,-90.0597987
,
28.9921542,-81.23044329999999
,
,
30.1589272,-92.17161139999999
44.6308053,-89.1737172
,
33.3875274,-112.4772012
37.4756341,-100.9397484
36.4503329,-102.4320363
,
34.8459705,-79.8577282
,
34.1387519,-118.4121345
,
32.4854588,-93.7750665
,
34.6901834,-82.2530453
39.9640721,-76.748025
33.7844228,-118.1849531
,
32.7341904,-96.6602277
31.3373368,-85.5960521
,
32.2888981,-82.21152630000002
,
,
,
,
28.6781855,-81.5112276
36.0249789,-101.8467483
43.7294738,-72.2793313
42.0347271,-78.4400256
36.0870171,-90.8562321
42.8358865,-83.72830859999999
36.3802535,-75.8309245
35.81210799999999,-90.7032988
41.7083778,-103.2921154
31.2415098,-83.630003
51.91815039999999,-0.6356064
27.7697984,-82.64150149999999
45.2028639,5.1371315
36.6195405,-121.5578691
41.9050166,-71.4822256
39.9610657,-77.2875353
48.7635928,-102.048243
41.6781238,-83.5673114
,
30.2405098,-92.67635349999999
,
,
,
,
,
36.0678561,-83.655625
,
,
47.5730613,-122.4147947
27.604863,-81.4986359
,
,
,
,
30.9802765,-96.6741101
,
,
30.0732965,-92.145074
39.9654523,-104.8168003
30.32777089999999,-92.3850798
,
30.4580358,-92.24412149999999
,
35.6795484,-78.7189989
,
,
30.436103,-92.2352219
,
,
30.231897,-92.79565799999999
35.5260839,-82.9587189
,
,
,
,
-37.7999885,144.9840933
40.7624718,-111.8894982
37.8096754,-100.8353144
,
,
,
,
30.4050429,-92.37318619999999
,
32.62561,-93.7423817
42.4096351,-71.0387095
,
41.1330945,-111.7722368
,
32.1574351,-82.90712300000001
40.1339691,-83.01725139999999
29.8311397,-95.6887173
45.01208219999999,-93.66847829999999
39.5377583,-89.6906388
,
,
,
54.6260996,-5.9435706
,
44.485822,-96.392797
,
43.70044350000001,-98.2457124
,
38.9380912,-77.04493269999999
30.2457152,-92.40244520000002
36.0935553,-95.9446186
30.1904426,-92.2938243
,
,
27.2847688,-81.88799039999999
51.0699244,-0.3075924
40.7603097,-111.8806103
37.6939568,-97.33865089999999
48.358055,-111.8575549
49.2668149,-123.1140796
,
28.0081635,-82.22452919999999
30.1609923,-92.1811877
,
30.24985319999999,-91.2395955
,
40.73845350000001,-73.9912046
,
,
40.6116536,-73.9510301
33.4171132,-84.7529732
27.3234761,-81.98233259999999
40.3494339,-79.7510558
,
33.952482,-83.3932071
32.459488,-88.652587
,
33.8713553,-81.3100754
41.3495991,-74.2877323
40.4789211,-80.07790070000001
30.15456,-98.0342975
27.4021403,-80.4713877
30.1664371,-92.1428947
30.2284213,-92.3051634
39.661696,-75.587362
,
,
42.9628354,-97.73884550000001
33.9812131,-84.15406589999999
39.8740504,-86.8928366
41.7880064,-111.1038012
45.870857,-105.229879
37.4226736,-121.0929201
34.8636585,-79.8375085
39.1501739,-108.636829
,
,
40.7670953,-76.9360268
38.9211845,-121.2742473
38.5753045,-122.8339457
,
33.3723729,-90.810345
,
47.36063799999999,-122.6270301
42.3047219,-83.4819418
,
27.2472768,-81.4041434
32.459488,-88.652587
30.3795771,-92.6637899
36.0697332,-79.8151522
,
,
,
,
30.077042,-81.616146
36.2,-86.52
29.3444459,75.214473
43.7028408,-79.481743
40.3922214,-111.8206799
,
,
27.2388384,-81.39775080000001
32.4724044,-97.2255022
29.9475748,-91.7894081
45.02073,-93.11246009999999
,
,
30.6317232,-90.491309
44.8416106,-0.5810938000000001
,
43.1832253,-78.6955397
38.91191999999999,-84.6448489
37.3724991,-85.40561389999999
45.23037000000001,-112.6280299
,
30.3272703,-92.87768109999999
35.4415079,-80.7639323
38.4319863,-77.99670429999999
43.102495,-76.196572
40.7373334,-74.00961389999999
,
30.9732104,-97.5346454
31.2200824,-97.10500809999999
38.4893581,-121.8776477
27.7838214,-82.42725980000002
47.4261056,-107.3304108
37.7976699,-122.414469
,
39.4383173,-77.0549703
,
,
45.2359124,-122.9093575
39.8284986,-104.9876449
32.4451223,-93.6072236
,
35.8085884,-85.7935832
34.161548,-84.11948319999999
,
35.4171839,-83.69318559999999
,
27.5774276,-81.8314572
36.0768567,-79.79034949999999
,
37.7783006,-98.23464969999999
30.3561477,-92.2647118
,
,
,
,
34.160686,-91.3084841
,
38.92169,-76.99021859999999
,
,
,
38.9401543,-75.5653782
35.4040539,-119.1119993
-26.9468463,114.7142918
29.2360889,-82.27522259999999
,
32.7365917,-97.00377999999999
40.5670701,-105.0675116
,
41.14443199999999,-81.8431214
40.1147848,-88.22189879999999
32.9783991,-97.280424
33.7872678,-90.6685595
29.24824,-98.33716199999999
,
,
41.74441729999999,-103.1671529
49.1653833,-88.3494633
,
,
,
38.8996244,-77.0197138
47.8762112,-122.2430818
44.7522897,-92.9331737
30.3572976,-92.8512978
45.24299930000001,-98.59886329999999
,
35.1101797,-77.0149964
,
,
38.3748574,-100.9321559
39.1295512,-83.6346978
,
,
,
30.82547989999999,-83.9870952
40.7555667,-73.8695048
29.4939366,-98.60450370000001
30.2902566,-92.6633562
,
40.737015,-73.77786119999999
,
48.4448328,-101.9088092
39.9189016,-75.3911746
40.7332198,-74.00975960000001
26.7537912,-80.9373731
36.2423449,-102.8531514
,
30.2813301,-92.414998
51.4063545,-0.2875542
39.5629351,-85.7915853
31.0150382,-89.73350169999999
,
,
43.8792871,-117.0054778
,
,
40.407166,-104.8172501
43.16555779999999,-76.0913612
,
37.8735165,-98.8392384
,
,
26.7465098,-81.42446290000001
30.5208489,-92.5926985
42.91104,-97.418403
,
,
,
34.121297,-78.6832189
,
,
38.4984676,-100.8534455
30.142536,-92.223961
,
35.2818687,-86.05484560000001
,
35.9541161,-81.0975397
40.5158739,-105.034902
30.3642879,-92.363258
32.9008515,-86.7146288
,
34.0776583,-80.9482702
,
,
-37.9944075,144.5044896
30.7588958,-97.72446289999999
33.9892601,-117.3665295
39.11623549999999,-108.3729643
,
30.1243103,-92.39430159999999
34.8599069,-86.5906679
34.2375166,-91.76084139999999
,
26.6270355,-81.8857572
,
,
43.891365,-79.232015
43.5729809,-106.5076344
-28.1360717,153.3801155
38.8654076,-121.3146264
42.12077619999999,-87.89651980000001
,
30.6405835,-92.46104679999999
44.9466362,-93.3346998
,
,
27.2665006,-80.4100928
,
,
,
31.4469358,-83.6148529
,
45.8789922,-119.8985527
26.7357847,-80.9035576
44.9332584,-122.973394
34.9674085,-80.61096959999999
,
,
47.81173,-122.1762329
30.198807,-97.6884661
,
,
51.8837409,5.2423804
48.1983892,-102.9198889
35.6190596,-98.59602459999999
43.8176073,-73.2476673
37.7357449,-122.1736203
42.6221565,-114.824872
30.3433118,-92.5163936
30.3093762,-92.52065879999999
30.1967997,-92.228644
43.2876185,-77.6847725
33.6382838,-112.1744301
,
34.1204868,-86.8926638
35.2416836,-101.6865933
33.1738174,-117.364581
-33.9975568,151.1358498
42.9821477,-78.7312354
,
,
30.4026468,-92.5001083
,
30.3071582,-92.8695082
,
38.255296,-90.91981059999999
47.7285559,-117.4565963
,
,
,
,
30.7469136,-88.27462539999999
29.6886944,-97.17849989999999
33.2794491,-111.7897697
,
27.0146041,-81.7578012
,
27.3059974,-81.36682669999999
40.6883533,-105.0296441
,
44.6930813,-69.7297634
27.9899857,-81.9629218
,
30.3935229,-92.57456379999999
30.358438,-91.88566279999999
36.9374298,-85.4502261
46.8911036,-100.6967815
38.9041198,-77.0501157
48.1300751,-95.894684
42.2328088,-84.4742483
47.1036468,-122.4404286
30.3809094,-92.4952885
,
44.8804133,-73.4299637
31.6417025,-100.3404535
,
30.4804201,-92.6043602
53.5182496,-113.4223437
34.4603381,-92.1843471
37.5609103,-120.8455382
,
40.0789321,-76.6130654
30.3638289,-92.36654999999999
42.3292849,-88.9873023
,
,
27.5208771,-81.752799
,
41.4721245,-75.710059
,
27.2786907,-81.4158162
,
38.7426907,-85.84989139999999
30.42310419999999,-92.29878769999999
33.5557601,-86.7341072
38.7659042,-90.74421199999999
30.3922144,-92.3430274
,
34.9573584,-81.10126009999999
37.8233223,-122.3042376
,
53.5047827,-113.4098696
37.9418219,-96.7515814
30.4945312,-92.36312129999999
30.3802505,-92.7050175
38.8549529,-83.11169749999999
44.7077885,-79.38626169999999
34.8400075,-102.3787163
30.7034945,-88.374988
,
44.3161099,-92.8478932
,
,
30.3859544,-92.3218158
,
36.5779132,-82.3346373
45.177656,-113.860501
45.1515471,-93.6353567
51.59621420000001,-1.2484959
,
35.3638256,-99.42878569999999
27.926021,-82.12676700000002
26.7338553,-80.8953542
33.1517954,-82.3620464
28.326965,-81.84635290000001
39.106985,-75.543192
,
26.0914671,-80.2261116
,
34.0120307,-81.1348854
31.46901549999999,-82.3786602
33.8192912,-90.6467887
30.0292428,-97.7506116
40.7369186,-73.89529639999999
,
29.8541232,-95.262314
44.638531,-112.9740113
42.08243,-110.981339
31.2352431,-100.6185289
49.3740801,-115.2210001
,
,
,
,
,
42.2324707,-84.4574944
30.3254711,-92.3241895
,
40.083189,-111.679943
,
41.3195635,-110.3819185
30.7828824,-88.27209309999999
26.5259259,-81.56455969999999
30.0397765,-92.5021088
49.8856803,-97.1492161
,
,
41.5211031,-80.0670348
42.2014637,-75.8766333
,
34.0702484,-83.72140259999999
,
40.7625703,-111.8805582
28.70302629999999,-81.73183759999999
30.34823,-81.6370872
27.489872,-81.846492
30.3510168,-92.7738047
29.8132065,-95.1606594
31.094772,-92.363901
45.1546685,-110.9629495
40.37816770000001,-75.4180494
28.0992409,-82.6939593
,
43.9532666,-78.8960821
33.8238661,-81.6980136
45.8441854,-119.2940015
,
39.1293979,-81.023515
32.7977639,-84.0289276
38.4914127,-107.8706432
29.7686548,-98.5782515
,
31.2386016,-89.46557729999999
31.7227658,-91.2785135
30.3646953,-92.7723724
36.9621524,-122.0449369
42.3064655,-82.8866269
,
33.6145606,-93.6022157
,
,
38.5995159,-90.4082712
40.8855685,-101.5337714
38.0444031,-122.5397191
,
32.4756877,-95.443208
30.74517519999999,-89.0568918
,
43.2447796,-79.8289421
32.8914289,-97.32961739999999
,
39.0095646,-94.6371336
39.8704721,-108.2897529
30.13779419999999,-91.9708343
34.821889,-83.97739899999999
29.4218647,-98.6747403
,
41.0502934,-104.3803705
40.6749385,-73.8426131
,
40.0402795,-74.3089373
38.235851,-85.36529589999999
30.4537222,-92.4492887
-29.5456289,30.4109983
,
,
26.0297254,-80.1688184
30.240501,-92.496585
36.6258034,-83.7013355
39.5129778,-76.3702402
,
,
29.9647979,-82.17764199999999
,
,
38.815245,-108.326501
40.7652757,-111.8854749
,
41.8079169,-112.1645094
40.564982,-76.2945326
39.903198,-75.892853
30.4842638,-88.2175715
,
37.5191155,-77.4375611
44.5534845,-103.8914578
41.9655868,-88.1178842
,
42.2319003,-87.947475
30.560787,-92.4359516
34.023215,-78.879573
30.1075204,-93.0132353
,
54.8901177,-105.7517438
,
,
32.6355242,-96.7663982
41.4307117,-75.9680257
30.049669,-92.640553
30.8996949,-90.0936761
32.905819,-88.3693989
,
30.1403281,-92.5506252
30.2447006,-92.498441
38.9581763,-121.0141053
30.2872624,-92.23188069999999
34.5839279,-90.1529554
29.3519958,-81.49986609999999
,
39.1382424,-86.1634397
31.3952297,-88.90306
,
,
,
,
,
,
14.7316555,121.065549
52.6563346,-1.1172603
46.88874,-112.121782
,
39.8291056,-85.8078115
,
44.784388,-108.70402
,
50.0091624,6.047745
42.9921223,-83.7325987
45.4867135,-122.319924
30.2260403,-92.3866012
,
35.8279441,-78.5926212
34.1841239,-118.3224471
30.1974567,-92.2283753
,
30.5139601,-92.4156251
40.6019851,-74.19189089999999
30.2196661,-92.3291431
,
,
30.2478945,-92.49836409999999
38.9380912,-77.04493269999999
,
,
30.4061572,-92.3688564
,
41.7633506,-72.507697
,
,
,
40.6767692,-73.8442032
,
38.7717451,-121.3466022
,
34.2340185,-83.6735729
42.8097141,-114.8926489
40.1390126,-122.1289847
33.3845775,-112.1149602
20.041685,-155.477726
31.5404471,-93.002381
41.6460484,-103.0100226
31.2085421,-83.58369809999999
,
39.2144513,-94.38076389999999
20.8886956,-156.5011612
41.7203252,-84.9983866
47.3437704,-120.2596901
34.0542882,-118.2606735
28.8825017,-81.953389
36.5738351,-121.9433583
46.5944015,-81.0390005
30.5689111,-90.21511459999999
38.83697009999999,-119.1682539
,
40.7692998,-73.8426516
28.5208885,-81.2405169
38.9211845,-121.2742473
30.803903,-88.33600249999999
32.2449154,-90.168099
,
30.3421193,-92.71024589999999
43.3531266,-103.3818561
30.0834817,-96.08335799999999
35.06900050000001,-114.4339949
38.8980013,-76.9776613
26.20583,-81.8013412
32.002577,-82.08359290000001
,
-36.9106167,174.726095
-38.0385481,145.4219157
30.281339,-92.430234
35.715167,-90.671765
48.59386790000001,-113.0164897
40.1670806,-85.50146319999999
30.2156451,-92.24384099999999
,
30.0652774,-92.15010819999999
40.6546454,-75.4752055
38.9883143,-83.2010255
53.7904031,-1.7777386
29.948762,-92.3195894
29.7504627,-95.3523518
34.27549520000001,-118.5472573
46.410441,-120.2753816
30.2885542,-93.04640049999999
30.5688379,-92.40315869999999
37.7337442,-120.9590274
35.8123317,-78.6572157
30.559452,-92.325985
30.4056278,-92.7436501
47.5781734,-96.4207149
30.3356819,-92.7327846
33.9470067,-118.3531134
42.8899716,-73.7195109
,
30.4554773,-92.7053409
30.4319354,-85.1005787
41.2342923,-105.7176399
,
39.0687149,-108.5662111
30.4380928,-92.68052139999999
43.3833806,-98.8686793
30.2417612,-92.499717
,
30.350334,-92.73042799999999
42.1815842,-71.2033605
,
39.9579958,-82.986359
33.5823694,-102.05905
33.3908968,-112.1421947
40.7251799,-88.10528920000002
,
,
,
,
34.2366838,-116.1984143
,
,
30.3879299,-97.11056719999999
46.3086411,-124.0412043
38.4263641,-122.703288
38.9380912,-77.04493269999999
,
,
,
35.9398797,-85.78233929999999
30.257358,-91.8153339
29.1758065,-98.44471589999999
,
44.8925315,-93.3100936
30.6742767,-92.3871589
41.423882,-83.6625282
30.6898926,-92.4381963
35.7957745,-78.660673
30.3320641,-92.5269192
34.0447843,-79.05278249999999
,
,
30.4283836,-92.4605397
,
40.7123845,-73.9440359
38.9022563,-121.2510292
,
,
29.9747998,-94.02603719999999
30.566161,-92.538563
30.5493175,-92.52187909999999
30.4608698,-84.2464538
38.8720245,-77.0059124
55.592488,-120.1073414
30.8479867,-88.53713359999999
26.6877013,-80.0585358
32.406753,-99.5044271
,
41.1632873,-101.9409467
33.6401151,-112.1134509
37.929912,-84.7500139
,
,
43.3937806,-80.4396046
39.0524803,-108.4275254
,
36.76250479999999,-119.7862495
,
,
47.6654713,-122.3849351
30.046762,-100.197074
30.064957,-92.13292
30.3652069,-92.8979215
29.6101599,-82.36820139999999
,
38.2023788,-122.1575129
,
39.1215521,-100.8738524
,
,
35.223868,-98.425338
42.3032341,-122.9901281
,
40.8305534,-115.7658866
42.8401803,-111.9723813
,
,
,
39.9896417,-77.2568928
42.677811,-113.9713658
40.3910215,-111.8731733
32.9640476,-112.1195393
27.6001359,-81.5248001
,
36.7300103,-121.6257783
44.8812694,-93.04540709999999
34.4735012,-82.65133999999999
30.4374494,-92.31228379999999
26.453064,-80.971733
,
,
38.5953987,-94.3480233
35.5368853,-98.5839688
30.21686159999999,-92.860141
36.9311058,-119.8894085
30.2301488,-98.89821429999999
,
35.2812388,-82.4333084
35.2410345,-97.7503905
38.192864,-84.40208899999999
42.3743562,-89.0026573
40.6561563,-112.0194287
,
44.5599877,-114.2364231
,
30.4592488,-92.6546592
,
35.4635406,-97.3352701
29.99391199999999,-95.24950989999999
40.1780719,-104.8578633
,
40.3910215,-111.8731733
36.7875154,-78.31382769999999
34.1563543,-91.5654093
30.2409927,-92.0496653
33.1446563,-86.7490988
40.0150184,-104.7540394
30.0643313,-92.3691496
30.0643313,-92.3691496
,
30.4615799,-92.5694693
38.742207,-121.3532074
,
30.4346503,-92.5789977
,
39.2115638,-84.362651
35.2530907,-77.1451457
43.1957704,-73.6956381
26.0816474,-80.2076473
30.4608698,-84.2464538
30.4797583,-92.40966859999999
41.1686888,-73.2151692
39.8356601,-105.1452618
29.6353809,-96.1738623
34.2652557,-88.4514279
-33.4127905,151.3525113
40.7446745,-74.0082524
30.4140465,-92.2769606
38.1438859,-84.5260076
37.99091,-84.7102419
,
38.5771352,-121.5012244
,
38.1635682,-84.4891304
45.1675625,-93.15727439999999
42.3218714,-83.5721422
32.6125361,-83.9696894
39.7496934,-86.1825905
51.0676499,-114.0875287
40.8837224,-81.763689
30.517045,-92.341734
,
42.3135135,-83.3891417
30.3405704,-92.329566
38.795813,-108.320977
39.0583298,-75.40319180000002
-33.8859367,151.1771725
30.9571952,-92.04059920000002
35.5017821,-119.2351851
30.6125999,-92.2619582
,
41.9867512,-88.4085511
30.693702,-88.3739351
30.7479187,-88.3690673
30.7739268,-88.2680254
40.7502547,-111.9358433
26.1122255,-98.2584086
,
39.660389,-75.1845939
40.7556004,-73.3586407
,
47.4857358,-120.318158
37.127767,-80.42659309999999
30.243249,-92.344652
,
35.4606422,-81.2159729
47.875302,-105.249038
39.1078109,-123.499299
35.1019514,-82.039502
,
,
44.6417885,-112.5809047
,
,
,
,
30.2267955,-94.3408254
39.26558989999999,-86.21969709999999
30.097468,-94.23486470000002
38.8918336,-76.9351439
46.2305906,-119.0974711
47.1038011,-122.4372589
30.4416656,-92.28368979999999
,
30.4077271,-92.3533884
39.7164697,-75.6514014
45.2803047,-93.8447784
37.9470322,-121.2967582
,
38.0647115,-84.75536489999999
,
45.421358,-91.85558499999999
30.6064457,-90.41521180000001
42.6253558,-83.02257759999999
,
,
,
,
,
,
,
,
33.0184309,-97.21710019999999
42.8948162,-85.6897121
,
-37.8260758,144.6747499
38.0853237,-84.58499719999999
,
41.8343034,-87.6103888
33.1657282,-84.1052172
31.3587431,-97.45212269999999
32.3384382,-90.0944471
,
,
18.0399693,-66.9676976
35.6348281,-97.639167
39.391431,-77.117854
,
,
29.9175601,-92.26686490000002
30.6455709,-92.30127999999999
47.5756819,-95.9820733
,
34.0520824,-118.2436962
,
30.3917023,-92.56768559999999
27.6367856,-81.82587319999999
,
30.40391,-92.5510989
30.6934255,-92.36552879999999
30.4194947,-92.4148664
30.5781469,-87.6848134
30.1296842,-91.8522172
,
,
37.4691346,-109.2269609
,
,
47.8579017,-111.8531127
53.3727231,-6.3360501
38.1096379,-84.43108199999999
27.7151678,-97.3851117
,
40.9898554,-100.8079513
43.8915154,-79.6508346
32.4735471,-81.02440229999999
,
,
33.9111701,-84.8637919
,
39.7414485,-103.2223487
50.2072617,9.3797714
,
,
42.9114489,-114.7160343
,
38.2446409,-104.4359436
40.4652903,-99.66206679999999
30.641033,-92.43583199999999
27.6367856,-81.82587319999999
,
26.7749892,-80.3238676
,
30.4699479,-92.5908858
,
43.1832253,-78.6955397
34.0922192,-117.278409
28.0679126,-97.3749541
,
30.05643289999999,-91.9627288
30.593018,-88.47695399999999
31.5927772,-88.6033726
1.3050934,103.8624335
30.4396511,-92.2835171
40.5755711,-85.84099309999999
,
37.988115,-121.3633571
30.369117,-94.300243
,
39.8613113,-86.1987491
34.0480882,-118.2507244
38.479405,-95.4663949
35.2470856,-91.7934113
,
,
45.3867862,-112.1227597
30.3198433,-92.4737911
29.6960765,-95.1877464
30.349274,-83.937023
29.0535264,-95.5713066
,
,
35.7595731,-79.01929969999999
,
38.0835109,-84.6662448
33.756076,-85.69097599999999
35.1583197,-86.137671
32.4697857,-96.8154466
40.521366,-122.2370631
31.2490108,-89.4768533
31.9484311,-88.7752232
,
29.633588,-98.9287519
-26.491408,149.2420166
51.4994135,-0.3476274
,
46.46006939999999,-119.0581658
,
29.7158324,-95.2751713
,
33.7504108,-86.10481550000002
,
,
40.831318,-73.9703064
33.3699945,-96.36555039999999
27.8546328,-82.8158043
41.8809857,-87.63965979999999
33.9924015,-102.0019719
,
,
48.2728487,-105.9578612
,
36.5122033,-103.0157057
33.288065,-96.499861
38.9380912,-77.04493269999999
46.5864082,-120.4140999
40.5844291,-98.3560388
,
51.5137254,0.0288674
30.31427,-91.79032099999999
35.1539863,-76.9086008
40.8819285,-73.8421066
34.4697533,-99.65300459999999
35.0372659,-80.8275515
40.52255419999999,-122.2364373
39.0797061,-108.3941109
,
38.8393283,-77.4113714
43.57449870000001,-116.7524371
38.41958760000001,-122.8143026
,
40.831318,-73.9703064
37.916734,-76.847781
30.2654285,-97.74133359999999
39.1164271,-108.3434517
38.8826227,-119.384997
34.54237,-78.2835545
,
40.5951301,-112.425472
38.7314241,-121.6074373
39.6585126,-86.1688786
30.6222731,-91.47982089999999
38.57017039999999,-123.2500528
32.9279695,-97.1151975
36.0620906,-86.809763
,
38.9253632,-76.9956504
34.6949591,-87.0235807
39.4986957,-75.81302389999999
,
36.033051,-95.9529168
38.3519718,-78.3101073
46.2534312,-119.319664
48.27462999999999,-109.5205246
,
,
38.9027512,-76.9902005
36.2090435,-81.0681753
47.7199406,-122.135546
48.1225921,-122.0978703
38.173434,-107.7232358
39.731419,-104.6297249
46.4962465,-120.3477868
,
45.8050922,-108.5953113
47.07154939999999,-105.5898655
38.3170273,-98.8753265
41.0772583,-74.0137013
45.7030772,-104.3339307
47.4611466,-120.331044
,
,
,
35.7591268,-86.7856927
38.53681419999999,-98.5408949
31.4372002,-110.1250407
40.8934152,-111.8736183
25.8335137,-80.29332920000002
,
,
35.286355,-80.70393870000001
30.1294661,-91.8201107
31.6103956,-91.7588447
30.5493175,-92.52187909999999
35.68324339999999,-85.7033602
29.9770697,-91.7455437
,
40.762232,-105.12423
,
40.6138276,-122.235853
38.9767669,-77.0795943
,
40.74554699999999,-73.9941685
30.2396264,-92.7477268
,
30.0691923,-92.24310899999999
37.4204269,-122.215276
52.51193910000001,-1.9073654
,
,
41.1330945,-111.7722368
38.6689038,-122.9382954
,
35.0378356,-120.4834287
,
,
32.9444581,-103.2223689
,
31.6165219,-91.2552379
33.1930982,-87.1722037
40.724116,-106.304006
40.41651090000001,-74.2131832
,
39.4324899,-75.3127702
38.6938697,-119.5155768
42.89914479999999,-84.54414009999999
,
30.8940431,-102.8793222
30.1708775,-97.40271159999999
,
35.5525636,-80.622771
,
39.7272369,-75.0143461
,
30.406484,-90.54898709999999
30.4604658,-84.2426713
,
,
27.4988895,-81.7781013
,
36.2089577,-83.4721864
,
,
38.1340917,-92.7261922
45.787355,-95.5712671
34.402137,-83.9357969
,
,
30.553234,-92.454736
,
,
30.7412978,-88.2644961
34.7194053,-91.09560359999999
,
30.7503871,-88.3053609
38.58926870000001,-109.5605253
30.321554,-92.946882
33.1981562,-80.0478183
33.8409148,-81.7807839
30.3979852,-92.4320479
30.2915611,-92.89959909999999
34.5002073,-82.2893119
29.9770697,-91.7455437
30.2962071,-92.3986721
,
32.7854158,-97.0577617
30.3943245,-92.40308019999999
38.2650213,-84.38135059999999
,
38.9810323,-78.0508965
-33.9030138,151.1912441
35.074123,-78.4847261
35.0663958,-78.2903165
,
34.4220578,-83.64991560000001
33.0305307,-85.0703724
47.1179812,-119.8552091
25.5798716,-80.4578014
,
,
32.3788017,-104.1828532
33.9571521,-87.9212248
,
41.8004007,-112.0468507
44.8602341,-78.3737743
42.3738317,-70.9872676
,
,
44.5766329,-98.13861380000002
30.4248063,-91.219927
,
30.5789938,-88.4786867
,
39.1095152,-108.3294605
31.30466539999999,-81.7166123
,
30.6413457,-92.35846649999999
52.51193910000001,-1.9073654
,
,
,
43.0103797,-89.39569759999999
,
31.7378863,-82.3600574
49.2050419,-122.8743443
43.6268287,-111.7754912
,
47.4132633,-120.2923373
,
38.8299731,-89.66248
,
47.7510741,-120.7401386
,
30.5011743,-90.9562732
42.4756042,-70.9356206
31.5378508,-97.1969814
34.1033592,-90.513798
,
35.2819523,-80.8345868
33.8788496,-80.3341444
33.350274,-92.018535
45.0925658,-113.6752481
38.8081609,-77.0635082
55.8046931,-4.2946802
35.8428473,-85.81962539999999
33.364069,-96.77812499999999
40.5884872,-111.8954885
,
29.3518328,-98.5160022
,
,
30.2319372,-92.73454319999999
37.6821803,-121.87623
,
1.308386,103.903603
29.5959161,-98.4805641
33.6105778,-84.4038939
,
34.0229851,-84.5285507
33.83768430000001,-83.1478448
,
41.9936458,-88.26379170000001
44.9456922,-93.090573
36.2142616,-77.7498024
35.1071,-82.05779500000001
,
30.498183,-92.81137299999999
38.9291498,-76.9711611
42.0069326,-91.66494279999999
,
,
,
32.4772862,-91.7584905
,
,
40.7608859,-111.9173183
,
27.3752689,-80.3454665
42.6387343,-89.0305214
35.8475863,-82.3059439
,
,
45.4325233,-108.6952633
39.073768,-74.8284371
,
32.9602303,-96.8386036
32.925528,-81.23604
,
40.2287073,-111.6619892
42.047387,-72.7866778
52.16964249999999,5.3793833
,
,
45.25263899999999,-102.3141179
33.4521826,-90.5395003
33.3173089,-96.9555458
33.2349171,-96.99581669999999
,
,
,
,
30.5854482,-91.60162
30.550749,-92.52718
30.4832593,-92.7885313
30.481862,-92.7919749
29.506928,-98.6999012
,
,
,
,
30.4418774,-91.9780643
39.5838035,-85.8689568
30.51421719999999,-92.5542427
43.1292433,-77.0979674
,
36.01,-79.86999999999999
35.3873634,-78.99415549999999
28.6667803,-81.897868
1.3334982,103.8844686
,
,
,
,
42.66097389999999,-83.2478005
,
,
30.8249954,-88.07114229999999
33.2414853,-90.3045894
,
32.4787015,-93.7185222
,
34.2960536,-92.0988012
31.2312596,-85.3947001
43.4661252,-116.4588112
43.6526581,-99.95901409999999
35.9541161,-81.0975397
,
,
37.9652164,-84.6197801
30.4495587,-88.1672548
,
32.4975122,-90.19875739999999
,
35.6934054,-89.22108209999999
,
,
40.6647812,-78.92721619999999
38.8756297,-104.7021334
33.8383923,-78.6671593
40.7165927,-74.0080952
48.6953593,-110.9792444
,
47.5824894,-121.9425399
33.0795648,-91.0892696
32.1108631,-83.4933437
40.7353723,-73.97450119999999
,
,
,
,
,
,
37.745077,-113.0535441
-33.8038333,151.1995446
,
44.6262149,-75.6263214
,
30.7223738,-92.28928200000001
-33.8718192,151.0952304
31.1509437,-94.26757769999999
,
,
32.7501367,-97.1660503
40.8534657,-73.8893735
28.6508881,-80.8861922
34.4143307,-77.94288209999999
31.1488468,-97.8026866
,
33.7732219,-95.77711529999999
38.3358093,-122.3101894
45.7768592,-87.8922592
30.4385536,-92.4083303
27.9150423,-82.7933479
,
,
40.9762397,-109.9931418
30.5042009,-92.3368972
30.57931319999999,-92.2922291
,
,
33.6678547,-112.0678638
,
41.3281101,-74.1063776
,
33.9287821,-81.07879659999999
40.885402,-111.8804374
38.9521458,-77.09678889999999
32.58828,-91.240219
35.5192718,-97.6219159
30.3167605,-92.0184493
42.6731005,-73.84840319999999
29.3504736,-98.7017747
37.7395339,-120.9584748
35.645187,-117.5266505
30.7254151,-97.7722409
,
46.0574027,-96.61397269999999
51.5121784,-0.219652
32.608097,-96.76134189999999
,
,
40.1543072,-74.5554619
34.689482,-91.89698820000001
,
28.4037344,-97.7745321
35.2404432,-101.9116022
34.2276532,-90.6019797
,
30.5609862,-91.0565881
,
45.1164773,-104.6426013
30.9135335,-102.8646896
44.9705642,-93.21395199999999
,
46.5042061,-114.0938751
40.31008569999999,-111.7011445
48.0854729,-123.2110499
39.1615897,-86.53154620000001
29.0262788,-96.14948179999999
,
31.588521,-83.05963899999999
,
40.7630169,-73.9594939
28.5411555,-81.3671296
29.9460603,-96.48827329999999
40.9202113,-81.1416691
,
,
,
41.172078,-111.9492581
,
40.5174779,-107.5194597
40.764998,-111.8712377
,
,
,
30.2057359,-96.3457713
29.9134779,-94.18828459999999
34.851102,-97.71644099999999
30.6790492,-92.34574769999999
,
30.4005838,-92.4343416
,
35.2529396,-91.7779558
30.378061,-92.431208
38.2630002,-122.3415289
,
38.6527246,-122.9125854
35.502631,-119.2522283
45.1581273,-122.7250642
33.4593612,-112.714301
30.512109,-92.52069259999999
33.8291271,-86.8067315
,
-34.1266943,18.3830801
34.7226419,-77.98903229999999
53.4548801,-113.3509737
34.0706423,-78.5303718
,
43.7368049,-94.4389106
39.2006306,-84.68398169999999
33.6934654,-117.7647895
,
,
39.7433626,-75.557374
38.5677054,-90.501103
30.5828011,-92.3981307
,
,
31.5091691,-92.2610303
-37.6703639,175.2631366
37.3466466,-121.8984591
,
,
42.720417,-90.1328453
,
30.7629474,-92.1981799
32.4792674,-97.68637149999999
,
27.6046992,-99.51807079999999
,
28.1479256,-80.6381766
27.9864395,-82.1154648
34.1135072,-118.3314673
37.7527399,-122.387872
47.8554,-109.6963397
34.324664,-95.506191
40.5866403,-75.1579248
,
34.0922192,-117.278409
,
37.72099,-120.939473
30.0373372,-92.3044288
30.4876806,-92.572446
32.9339939,-91.70754079999999
32.9685254,-91.6514024
29.9673818,-91.97450409999999
36.5699686,-80.43748509999999
41.2334878,-112.1028481
48.7839696,-105.7920333
35.1906908,-89.8691822
,
,
40.859456,-73.1693715
40.859456,-73.1693715
33.7415942,-96.36241679999999
30.4420888,-89.08655379999999
39.3570187,-112.5657024
36.5533493,-82.5658674
33.4716624,-84.0839696
31.0562451,-92.4636306
,
32.8914289,-97.32961739999999
,
,
27.8442456,-82.63827069999999
35.538599,-77.5025017
43.4614243,-86.04259119999999
28.9653525,-81.7852813
42.7269427,-89.09067069999999
41.588337,-80.15358650000002
,
34.7817994,-82.3044871
,
39.7606857,-85.8486058
,
,
37.9495487,-122.1694163
,
38.1169284,-111.99964
36.8600016,-76.305962
,
,
,
46.1677056,-105.784897
34.0922192,-117.278409
,
33.6232139,-111.9206425
,
,
,
,
48.17163799999999,-105.6471896
46.810225,-95.85772899999999
45.4015701,-112.4181474
,
39.0809557,-75.464606
,
,
47.61794889999999,-122.3578423
34.9917727,-90.0644343
,
,
,
27.317502,-82.544212
34.4763726,-87.2038784
,
,
45.33366669999999,-112.4416672
,
45.5691265,-74.6275928
30.4425609,-91.97795599999999
,
38.87589990000001,-77.0200414
,
,
,
32.7320901,-86.4867783
40.6897294,-73.7602885
,
27.7507213,-81.8093272
41.8166374,-113.3227429
,
40.5535177,-111.9247576
,
43.715429,-116.922904
,
40.7555243,-111.871478
27.7407075,-82.6407921
,
34.8931883,-82.4429007
42.6221565,-114.824872
,
41.1847502,-112.0016507
41.7403465,-81.2076317
47.2824007,-119.8398256
33.7725576,-84.38069949999999
,
,
49.2822215,-123.1259878
39.0333402,-104.4727499
,
,
43.2342531,-78.194036
40.9492991,-83.2709035
33.2830644,-93.1869646
30.139652,-92.27906000000002
32.7805777,-79.933222
,
30.1199823,-97.99281649999999
,
38.7659042,-90.74421199999999
29.9434938,-91.69429389999999
30.4984443,-92.5479648
,
30.6376229,-92.326346
41.0332981,-107.5356211
30.1393113,-94.36961339999999
29.4854546,-98.4527571
30.5003884,-97.8167734
30.1710751,-91.97128320000002
39.4391117,-0.4799793999999999
-27.9903751,153.3694699
38.8712506,-76.9899609
44.0561982,-87.746859
,
29.599101,-95.74166260000001
30.7453369,-92.2475382
47.6174915,-96.0279776
,
49.83192160000001,-97.20570769999999
42.6156179,-83.288004
35.4477319,-83.0027571
,
,
,
,
38.9160223,-77.031616
33.4918585,-88.32275550000001
45.4911235,-122.8061908
30.36585299999999,-97.7383409
,
,
,
,
,
,
,
,
34.9917727,-90.0644343
36.6377882,-80.6446916
43.077008,-71.93007229999999
,
51.5232754,-0.1241007
,
,
30.6447738,-90.49413589999999
,
,
36.88874690000001,-89.5893026
,
39.1977207,-76.7594101
43.169963,-77.247108
,
43.7204051,-116.921408
,
,
,
,
,
33.7464484,-90.7218972
30.642282,-91.755748
32.7909572,-97.0581534
30.9514725,-92.19498990000001
45.1675307,-93.1532945
,
,
40.0940895,-111.7881031
39.0274511,-104.6817537
40.76715240000001,-111.8975193
37.6747912,-113.1303871
,
41.5029936,-81.67077809999999
,
46.15567,-104.739394
32.8914289,-97.32961739999999
38.7809197,-90.69798809999999
44.7950211,-93.5274208
40.7915211,-96.6953217
46.3120871,-111.5189685
40.32050479999999,-111.6868818
39.6815437,-83.9660875
,
,
40.6814308,-73.9655154
45.8965407,-118.3227629
,
29.9523038,-91.7920925
30.5318232,-97.7482086
40.65366,-73.8770771
38.2470041,-122.276399
30.3520499,-91.89389299999999
29.4368945,-97.179804
33.87576749999999,-118.3800757
44.5847435,-88.0484609
,
,
30.5627947,-90.4887559
29.5099497,-97.82545119999999
,
,
36.0249789,-101.8467483
34.0597851,-90.5936971
,
,
29.672506,-98.030768
,
,
35.2056359,-80.7249398
,
,
36.359934,-90.9999836
,
,
,
30.4243513,-90.5816978
,
,
34.5517264,-90.7275633
47.3267812,-98.17919049999999
-27.8911743,153.2475156
34.2467914,-85.1680585
36.3298281,-119.2926345
43.7499487,-104.5925101
,
39.3247653,-74.5148147
30.9957045,-88.5398627
31.9069382,-101.1277919
29.1386062,-98.9912732
30.5301295,-92.40448860000001
42.1272368,-112.6558763
34.5562791,-90.85868909999999
,
,
32.9107357,-96.2134363
32.711841,-97.4069155
29.2361789,-99.8124813
32.5582607,-83.9160151
42.587965,-72.60530399999999
32.8387552,-91.200696
42.15641189999999,-83.6569779
,
,
,
49.9608406,-125.2205325
,
,
35.4131805,-82.05221259999999
41.0148336,-73.6547088
42.7239481,-73.7911689
29.886288,-92.072799
40.790449,-73.7086821
,
35.6453299,-97.2654981
45.75125,-119.9375643
39.4588495,-77.164373
,
,
,
47.15041360000001,-100.4935326
,
30.1838773,-92.87783379999999
41.5041339,-81.600529
33.4964315,-94.5504262
,
39.2303849,-86.6172192
28.1988979,-80.7879407
29.0336619,-82.30388669999999
44.1407229,-69.4476391
,
,
38.3752954,-86.9889694
40.9154925,-74.2076223
,
,
47.26268109999999,-119.8520671
45.3809097,-108.2509411
,
46.6030959,-120.5009952
33.519785,-101.8877203
,
,
,
,
,
,
,
,
48.20585450000001,-99.2865786
37.9474573,-78.4955252
-40.889242,172.7859358
37.9928518,-98.7589678
37.1906045,-93.3095204
40.7692196,-73.9847754
41.4925374,-99.9018131
30.3340897,-92.32591149999999
,
35.4989049,-82.713132
,
,
33.5119983,-84.8531622
53.4778347,-113.3784712
34.3149433,-91.35239159999999
42.8228955,-82.7205938
,
40.9565504,-85.1392398
34.8736489,-83.5655524
51.4713474,-0.0843561
36.4457626,-86.9636859
46.6386384,-123.0132593
,
,
28.7932976,-96.796247
,
,
44.3596,-113.008022
,
37.4389891,-89.49652739999999
32.9097768,-91.2262315
28.7661857,-96.1033591
34.7890706,-88.19215469999999
,
21.4335648,-158.0568731
42.3532754,-71.0633749
,
-25.9336732,152.634017
35.1705372,-83.46435509999999
30.671125,-91.38542799999999
27.7992146,-82.675425
16.3927272,-90.563609
47.6414965,-122.2057961
34.5526663,-83.5799743
40.6836887,-111.5442303
32.6087418,-82.4873822
47.6567216,-121.9150217
47.46423799999999,-122.1859262
38.9359831,-76.4910093
47.41022840000001,-98.54255450000001
46.9977459,-102.4847481
44.57292700000001,-98.342281
,
47.8789866,-120.1133499
29.3569302,-82.2800546
33.9457352,-80.9367744
,
40.7766725,-72.9737744
37.061897,-86.21237400000001
36.823512,-87.1802249
42.847741,-112.924921
43.4727481,-114.2664405
,
